luisg@embraer.com.br;luisg@embraer.com.br
leonekohler@surfeu.de;leonekohler@surfeu.de
ftremblay@gmail.com;ftremblay@gmail.com
bjorn.hansen@yahoo.no;bjorn.hansen@yahoo.no
frantisekw@jetbrains.com;frantisekw@jetbrains.com
hholy@gmail.com;hholy@gmail.com
astrid.gruber@apple.at;astrid.gruber@apple.at
daan_peeters@apple.be;daan_peeters@apple.be
kara.nielsen@jubii.dk;kara.nielsen@jubii.dk
eduardo@woodstock.com.br;eduardo@woodstock.com.br
alero@uol.com.br;alero@uol.com.br
roberto.almeida@riotur.gov.br;roberto.almeida@riotur.gov.br
fernadaramos4@uol.com.br;fernadaramos4@uol.com.br
mphilips12@shaw.ca;mphilips12@shaw.ca
jenniferp@rogers.ca;jenniferp@rogers.ca
fharris@google.com;fharris@google.com
jacksmith@microsoft.com;jacksmith@microsoft.com
michelleb@aol.com;michelleb@aol.com
tgoyer@apple.com;tgoyer@apple.com
dmiller@comcast.com;dmiller@comcast.com
kachase@hotmail.com;kachase@hotmail.com
hleacock@gmail.com;hleacock@gmail.com
johngordon22@yahoo.com;johngordon22@yahoo.com
fralston@gmail.com;fralston@gmail.com
vstevens@yahoo.com;vstevens@yahoo.com
ricunningham@hotmail.com;ricunningham@hotmail.com
patrick.gray@aol.com;patrick.gray@aol.com
jubarnett@gmail.com;jubarnett@gmail.com
robbrown@shaw.ca;robbrown@shaw.ca
edfrancis@yachoo.ca;edfrancis@yachoo.ca
marthasilk@gmail.com;marthasilk@gmail.com
aaronmitchell@yahoo.ca;aaronmitchell@yahoo.ca
ellie.sullivan@shaw.ca;ellie.sullivan@shaw.ca
jfernandes@yahoo.pt;jfernandes@yahoo.pt
masampaio@sapo.pt;masampaio@sapo.pt
hannah.schneider@yahoo.de;hannah.schneider@yahoo.de
fzimmermann@yahoo.de;fzimmermann@yahoo.de
nschroder@surfeu.de;nschroder@surfeu.de
camille.bernard@yahoo.fr;camille.bernard@yahoo.fr
dominiquelefebvre@gmail.com;dominiquelefebvre@gmail.com
marc.dubois@hotmail.com;marc.dubois@hotmail.com
wyatt.girard@yahoo.fr;wyatt.girard@yahoo.fr
isabelle_mercier@apple.fr;isabelle_mercier@apple.fr
terhi.hamalainen@apple.fi;terhi.hamalainen@apple.fi
ladislav_kovacs@apple.hu;ladislav_kovacs@apple.hu
hughoreilly@apple.ie;hughoreilly@apple.ie
lucas.mancini@yahoo.it;lucas.mancini@yahoo.it
johavanderberg@yahoo.nl;johavanderberg@yahoo.nl
stanisław.wójcik@wp.pl;stanisław.wójcik@wp.pl
enrique_munoz@yahoo.es;enrique_munoz@yahoo.es
joakim.johansson@yahoo.se;joakim.johansson@yahoo.se
emma_jones@hotmail.com;emma_jones@hotmail.com
phil.hughes@gmail.com;phil.hughes@gmail.com
steve.murray@yahoo.uk;steve.murray@yahoo.uk
mark.taylor@yahoo.au;mark.taylor@yahoo.au
diego.gutierrez@yahoo.ar;diego.gutierrez@yahoo.ar
luisrojas@yahoo.cl;luisrojas@yahoo.cl
manoj.pareek@rediff.com;manoj.pareek@rediff.com
puja_srivastava@yahoo.in;puja_srivastava@yahoo.in
